,PlayerID,Name,Position,2021_Overall_Rank
0,17959,Derrick Henry,RB,1
1,18872,Dalvin Cook,RB,2
2,2593,Aaron Rodgers,QB,3
3,21682,Jonathan Taylor,RB,4
4,16776,Melvin Gordon III,RB,5
5,18878,Alvin Kamara,RB,6
6,19798,Nick Chubb,RB,7
7,17923,Ezekiel Elliott,RB,8
8,16470,Davante Adams,WR,9
9,19045,Aaron Jones,RB,10
10,21861,Antonio Gibson,RB,11
11,19801,Josh Allen,QB,12
12,18082,Tyreek Hill,WR,13
13,19861,Ronald Jones II,RB,14
14,20889,Kyler Murray,QB,15
15,18890,Patrick Mahomes,QB,16
16,15534,Adam Thielen,WR,17
17,20824,Josh Jacobs,RB,18
18,21674,J.K. Dobbins,RB,19
19,18857,Deshaun Watson,QB,20
20,4314,Tom Brady,QB,21
21,13799,Ryan Tannehill,QB,22
22,15048,Travis Kelce,TE,23
23,21970,James Robinson,RB,24
24,20933,Miles Sanders,RB,25
25,16311,Derek Carr,QB,26
26,21684,D'Andre Swift,RB,27
27,21685,Justin Jefferson,WR,28
28,21681,Justin Herbert,QB,29
29,16906,Stefon Diggs,WR,30
30,16964,Darren Waller,TE,31
31,20882,David Montgomery,RB,32
32,21042,A.J. Brown,WR,33
33,20875,DK Metcalf,WR,34
34,19844,DJ Moore,WR,35
35,21747,Brandon Aiyuk,WR,36
36,17916,William Fuller V,WR,37
37,19790,Baker Mayfield,QB,38
38,16866,Jamison Crowder,WR,39
39,20880,Gardner Minshew,QB,40
40,19781,Lamar Jackson,QB,41
41,19802,Calvin Ridley,WR,42
42,18003,Kenyan Drake,RB,43
43,21693,Joe Burrow,QB,44
44,20360,Jeff Wilson Jr.,RB,45
45,9038,Matthew Stafford,QB,46
46,14986,DeAndre Hopkins,WR,47
47,20873,Terry McLaurin,WR,48
48,16830,Tyler Lockett,WR,49
49,21677,Tua Tagovailoa,QB,50
50,18944,Kareem Hunt,RB,51
51,18879,Corey Davis,WR,52
52,732,Matt Ryan,QB,53
53,21045,Marquise Brown,WR,54
54,14871,Robert Woods,WR,55
55,16597,Mike Evans,WR,56
56,18928,Curtis Samuel,WR,57
57,16497,Teddy Bridgewater,QB,58
58,16887,Mike Davis,RB,59
59,16568,Brandin Cooks,WR,60
60,13320,Cam Newton,QB,61
61,11063,Emmanuel Sanders,WR,62
62,7242,Drew Brees,QB,63
63,16781,Nelson Agholor,WR,64
64,13291,Julio Jones,WR,65
65,13723,Nick Foles,QB,66
66,19119,Chris Carson,RB,67
67,16020,Jarvis Landry,WR,68
68,17961,Sterling Shepard,WR,69
69,13870,Marvin Jones Jr.,WR,70
70,18880,Chris Godwin,WR,71
71,16263,Allen Robinson II,WR,72
72,20239,Gus Edwards,RB,73
73,17960,Michael Thomas,WR,74
74,18464,J.D. McKissic,RB,75
75,18983,James Conner,RB,76
76,18882,Cooper Kupp,WR,77
77,18187,Robby Anderson,WR,78
78,16847,David Johnson,RB,79
79,16765,Amari Cooper,WR,80
80,17986,Tyler Boyd,WR,81
81,20876,Jakobi Meyers,WR,82
82,20768,Myles Gaskin,RB,83
83,19803,Mark Andrews,TE,84
84,18996,Wayne Gallman,RB,85
85,21679,CeeDee Lamb,WR,86
86,20145,Allen Lazard,WR,87
87,21769,Clyde Edwards-Helaire,RB,88
88,15076,Keenan Allen,WR,89
89,3807,Ben Roethlisberger,QB,90
90,19976,Marquez Valdes-Scantling,WR,91
91,20941,Devin Singletary,RB,92
92,21690,Tee Higgins,WR,93
93,19912,Nyheim Hines,RB,94
94,17053,Malcolm Brown,RB,95
95,18912,Evan Engram,TE,96
96,16775,DeVante Parker,WR,97
97,14252,Kirk Cousins,QB,98
98,19853,Mike Gesicki,TE,99
99,14536,Russell Wilson,QB,100
100,18089,Rashard Higgins,WR,101
101,19562,Austin Ekeler,RB,102
102,21697,Laviska Shenault Jr.,WR,103
103,21735,Gabriel Davis,WR,104
104,20798,Darrell Henderson Jr.,RB,105
105,19919,Chase Edmonds,RB,106
106,8283,Ryan Fitzpatrick,QB,107
107,16771,Todd Gurley II,RB,108
108,14141,Cole Beasley,WR,109
109,17141,Damiere Byrd,WR,110
110,20841,Daniel Jones,QB,111
111,18883,JuJu Smith-Schuster,WR,112
112,20932,Deebo Samuel,WR,113
113,18803,Leonard Fournette,RB,114
114,20790,Damien Harris,RB,115
115,16640,John Brown,WR,116
116,20912,Tony Pollard,RB,117
117,19816,DJ Chark Jr.,WR,118
118,19207,Tim Patrick,WR,119
119,19815,Christian Kirk,WR,120
120,18914,Mike Williams,WR,121
121,17217,Raheem Mostert,RB,122
122,21752,Chase Claypool,WR,123
123,11056,Antonio Brown,WR,124
124,21688,Cam Akers,RB,125
125,17920,Carson Wentz,QB,126
126,18995,Jamaal Williams,RB,127
127,21776,Joshua Kelley,RB,128
128,20805,T.J. Hockenson,TE,129
129,14005,T.Y. Hilton,WR,130
130,21784,Zack Moss,RB,131
131,19120,David Moore,WR,132
132,20753,Noah Fant,TE,133
133,21686,Jalen Reagor,WR,134
134,15071,Latavius Murray,RB,135
135,20762,Travis Fulgham,WR,136
136,19937,Keke Coutee,WR,137
137,19867,Michael Gallup,WR,138
138,21744,Michael Pittman Jr.,WR,139
139,6739,Alex Smith,QB,140
140,20006,Russell Gage,WR,141
141,8244,Philip Rivers,QB,142
142,20943,Darius Slayton,WR,143
143,19033,Brian Hill,RB,144
144,14916,Giovani Bernard,RB,145
145,21077,Diontae Johnson,WR,146
146,13227,Randall Cobb,WR,147
147,19172,Zach Pascal,WR,148
148,16510,Jerick McKinnon,RB,149
149,12708,Dion Lewis,RB,150
150,10974,Rob Gronkowski,TE,151
151,16141,Willie Snead IV,WR,152
152,21692,Jerry Jeudy,WR,153
153,20788,Mecole Hardman,WR,154
154,20868,Alexander Mattison,RB,155
155,18811,Mitchell Trubisky,QB,156
156,19897,Tre'Quan Smith,WR,157
157,17975,Hunter Henry,TE,158
158,8534,Jared Cook,TE,159
159,14917,Rex Burkhead,RB,160
160,21961,Darnell Mooney,WR,161
161,16656,Logan Thomas,TE,162
162,19063,George Kittle,TE,163
163,20859,Drew Lock,QB,164
164,19824,Kalen Ballage,RB,165
165,16003,Sammy Watkins,WR,166
166,16668,Carlos Hyde,RB,167
167,17970,Devontae Booker,RB,168
168,21843,Salvon Ahmed,RB,169
169,19318,Kendrick Bourne,WR,170
170,19514,Keelan Cole,WR,171
171,20950,Benny Snell Jr.,RB,172
172,12841,Andy Dalton,QB,173
173,16451,Eric Ebron,TE,174
174,19822,Kerryon Johnson,RB,175
175,19017,Josh Reynolds,WR,176
176,18990,Jonnu Smith,TE,177
177,19812,Sam Darnold,QB,178
178,19330,Nick Mullens,QB,179
179,21138,Scotty Miller,WR,180
180,16838,Duke Johnson,RB,181
181,17922,Jared Goff,QB,182
182,18993,Samaje Perine,RB,183
183,18858,Joe Mixon,RB,184
184,20837,Ty Johnson,RB,185
185,11488,Jimmy Graham,TE,186
186,15150,Cordarrelle Patterson,RB,187
187,21802,AJ Dillon,RB,188
188,16056,James White,RB,189
189,20038,Braxton Berrios,WR,190
190,21804,DeeJay Dallas,RB,191
191,21797,La'Mical Perine,RB,192
192,21788,Ke'Shawn Vaughn,RB,193
193,19828,Sony Michel,RB,194
194,11611,Golden Tate,WR,195
195,20128,Phillip Lindsay,RB,196
196,20075,Josh Adams,RB,197
197,20924,Hunter Renfrow,WR,198
198,19296,Anthony Firkser,TE,199
199,19065,Jeremy McNichols,RB,200
200,20529,Cam Sims,WR,201
201,20792,N'Keal Harry,WR,202
202,18935,Gerald Everett,TE,203
203,19864,Anthony Miller,WR,204
204,9906,Danny Amendola,WR,205
205,20990,Trayveon Williams,RB,206
206,18877,Christian McCaffrey,RB,207
207,20500,Darrel Williams,RB,208
208,19924,Ito Smith,RB,209
209,20795,Dwayne Haskins,QB,210
210,19843,Hayden Hurst,TE,211
211,20039,Boston Scott,RB,212
212,20810,Travis Homer,RB,213
213,18067,Jordan Howard,RB,214
214,4807,Adrian Peterson,RB,215
215,20964,Darwin Thompson,RB,216
216,20064,Justin Jackson,RB,217
217,21765,JaMycal Hasty,RB,218
218,19863,Dallas Goedert,TE,219
219,18103,Jakeem Grant Sr.,WR,220
220,5571,Larry Fitzgerald,WR,221
221,17963,Austin Hooper,TE,222
222,19319,Matt Breida,RB,223
223,19659,Dan Arnold,TE,224
224,18047,Demarcus Robinson,WR,225
225,19491,Robert Tonyan,TE,226
226,19903,Jordan Akins,TE,227
227,19920,Dalton Schultz,TE,228
228,14918,Tyler Eifert,TE,229
229,18690,Jalen Richard,RB,230
230,21775,Rodney Smith,RB,231
231,16837,Chris Conley,WR,232
232,21837,J.J. Taylor,RB,233
233,18957,D'Onta Foreman,RB,234
234,19705,Greg Ward,WR,235
235,14967,Le'Veon Bell,RB,236
236,12845,A.J. Green,WR,237
237,19823,Royce Freeman,RB,238
238,18900,Mo Alie-Cox,TE,239
239,18375,Peyton Barber,RB,240
240,18032,Tyler Higbee,TE,241
241,21854,Anthony McFarland Jr.,RB,242
242,19626,Dare Ogunbowale,RB,243
243,19979,Jordan Wilkins,RB,244
244,13337,Mark Ingram II,RB,245
245,16834,Tevin Coleman,RB,246
246,19548,Corey Clement,RB,247
247,5820,Frank Gore,RB,248
248,14269,Alfred Morris,RB,249
249,21593,D'Ernest Johnson,RB,250
250,14856,Zach Ertz,TE,251
251,18061,DeAndre Washington,RB,252
252,16524,Devonta Freeman,RB,253
253,20931,Drew Sample,TE,254
254,19947,Chris Herndon,TE,255
